{
  "losses": [
    1.2718514800071716,
    0.81511190533638,
    0.2125939056277275,
    0.06973872147500515,
    0.05195906572043896,
    0.04986720159649849,
    0.049333417788147926,
    0.049074141308665276,
    0.04889717698097229,
    0.048745932057499886,
    0.04852863401174545,
    0.0483018159866333,
    0.04815294221043587,
    0.04804239235818386,
    0.04791294224560261,
    0.0477841142565012,
    0.04771772027015686,
    0.04764203354716301,
    0.04757978208363056,
    0.04755103774368763,
    0.0475079920142889,
    0.047451725229620934,
    0.047380490228533745,
    0.047316573560237885,
    0.04728199355304241,
    0.04726557619869709,
    0.047234198078513145,
    0.04720608331263065,
    0.047187549993395805,
    0.0471661314368248,
    0.04714266583323479,
    0.04711642675101757,
    0.047099288552999496,
    0.047079939395189285,
    0.04705392196774483,
    0.04703405871987343,
    0.04702239856123924,
    0.04700752533972263,
    0.0469813235104084,
    0.04696148820221424,
    0.04695519432425499,
    0.04693811573088169,
    0.04691595397889614,
    0.04689750075340271,
    0.04687768965959549,
    0.046874383464455605,
    0.04687153920531273,
    0.04685310460627079,
    0.046838993206620216,
    0.04682411998510361
  ],
  "final_loss": 0.04682411998510361,
  "epochs": 50,
  "transformation": "positive_to_negative"
}